A_010.jpg,A
A_011.jpg,A
A_012.jpg,A
A_013.jpg,A
A_014.jpg,A
A_015.jpg,A
A_016.jpg,A
A_017.jpg,A
A_018.jpg,A
A_019.jpg,A
A_02.jpg,A
A_020.jpg,A
A_021.jpg,A
A_022.jpg,A
A_023.jpg,A
A_024.jpg,A
A_025.jpg,A
A_026.jpg,A
A_027.jpg,A
A_028.jpg,A
A_029.jpg,A
A_03.jpg,A
A_030.jpg,A
A_031.jpg,A
A_032.jpg,A
A_033.jpg,A
A_034.jpg,A
A_035.jpg,A
A_036.jpg,A
A_037.jpg,A
A_038.jpg,A
A_039.jpg,A
A_04.jpg,A
A_042.jpg,A
A_043.jpg,A
A_044.jpg,A
A_045.jpg,A
A_046.jpg,A
A_047.jpg,A
A_048.jpg,A
A_049.jpg,A
A_05.jpg,A
A_050.jpg,A
A_051.jpg,A
A_052.jpg,A
A_053.jpg,A
A_054.jpg,A
A_055.jpg,A
A_056.jpg,A
A_057.jpg,A
A_058.jpg,A
A_059.jpg,A
A_06.jpg,A
A_060.jpg,A
A_061.jpg,A
A_062.jpg,A
A_063.jpg,A
A_064.jpg,A
A_065.jpg,A
A_066.jpg,A
A_067.jpg,A
A_068.jpg,A
A_069.jpg,A
A_07.jpg,A
A_070.jpg,A
A_071.jpg,A
A_072.jpg,A
A_073.jpg,A
A_074.jpg,A
A_075.jpg,A
A_076.jpg,A
A_077.jpg,A
A_078.jpg,A
A_079.jpg,A
A_08.jpg,A
A_09.jpg,A
B_010.jpg,B
B_02.jpg,B
B_03.jpg,B
B_04.jpg,B
B_05.jpg,B
B_06.jpg,B
B_07.jpg,B
B_08.jpg,B
B_09.jpg,B
C_010.jpg,C
C_011.jpg,C
C_012.jpg,C
C_013.jpg,C
C_014.jpg,C
C_015.jpg,C
C_016.jpg,C
C_017.jpg,C
C_018.jpg,C
C_019.jpg,C
C_02.jpg,C
C_020.jpg,C
C_021.jpg,C
C_022.jpg,C
C_023.jpg,C
C_024.jpg,C
C_025.jpg,C
C_026.jpg,C
C_027.jpg,C
C_028.jpg,C
C_029.jpg,C
C_03.jpg,C
C_030.jpg,C
C_031.jpg,C
C_032.jpg,C
C_033.jpg,C
C_034.jpg,C
C_035.jpg,C
C_036.jpg,C
C_037.jpg,C
C_038.jpg,C
C_039.jpg,C
C_04.jpg,C
C_040.jpg,C
C_041.jpg,C
C_042.jpg,C
C_043.jpg,C
C_044.jpg,C
C_045.jpg,C
C_046.jpg,C
C_047.jpg,C
C_048.jpg,C
C_049.jpg,C
C_05.jpg,C
C_050.jpg,C
C_051.jpg,C
C_052.jpg,C
C_053.jpg,C
C_054.jpg,C
C_055.jpg,C
C_056.jpg,C
C_057.jpg,C
C_058.jpg,C
C_059.jpg,C
C_06.jpg,C
C_060.jpg,C
C_061.jpg,C
C_062.jpg,C
C_063.jpg,C
C_064.jpg,C
C_065.jpg,C
C_066.jpg,C
C_067.jpg,C
C_068.jpg,C
C_069.jpg,C
C_07.jpg,C
C_070.jpg,C
C_071.jpg,C
C_072.jpg,C
C_073.jpg,C
C_074.jpg,C
C_075.jpg,C
C_076.jpg,C
C_077.jpg,C
C_078.jpg,C
C_079.jpg,C
C_08.jpg,C
C_080.jpg,C
C_081.jpg,C
C_082.jpg,C
C_083.jpg,C
C_084.jpg,C
C_09.jpg,C
D_010.jpg,D
D_011.jpg,D
D_012.jpg,D
D_013.jpg,D
D_014.jpg,D
D_015.jpg,D
D_016.jpg,D
D_017.jpg,D
D_018.jpg,D
D_019.jpg,D
D_02.jpg,D
D_020.jpg,D
D_021.jpg,D
D_022.jpg,D
D_023.jpg,D
D_03.jpg,D
D_04.jpg,D
D_05.jpg,D
D_06.jpg,D
D_07.jpg,D
D_08.jpg,D
D_09.jpg,D
E_010.jpg,E
E_011.jpg,E
E_012.jpg,E
E_013.jpg,E
E_014.jpg,E
E_015.jpg,E
E_016.jpg,E
E_017.jpg,E
E_018.jpg,E
E_019.jpg,E
E_02.jpg,E
E_020.jpg,E
E_021.jpg,E
E_022.jpg,E
E_023.jpg,E
E_024.jpg,E
E_025.jpg,E
E_026.jpg,E
E_027.jpg,E
E_028.jpg,E
E_029.jpg,E
E_03.jpg,E
E_030.jpg,E
E_031.jpg,E
E_032.jpg,E
E_033.jpg,E
E_034.jpg,E
E_035.jpg,E
E_037.jpg,E
E_038.jpg,E
E_039.jpg,E
E_04.jpg,E
E_040.jpg,E
E_041.jpg,E
E_042.jpg,E
E_043.jpg,E
E_044.jpg,E
E_045.jpg,E
E_046.jpg,E
E_047.jpg,E
E_048.jpg,E
E_049.jpg,E
E_05.jpg,E
E_050.jpg,E
E_051.jpg,E
E_052.jpg,E
E_053.jpg,E
E_054.jpg,E
E_055.jpg,E
E_056.jpg,E
E_057.jpg,E
E_058.jpg,E
E_059.jpg,E
E_06.jpg,E
E_060.jpg,E
E_061.jpg,E
E_062.jpg,E
E_063.jpg,E
E_064.jpg,E
E_065.jpg,E
E_066.jpg,E
E_067.jpg,E
E_068.jpg,E
E_069.jpg,E
E_07.jpg,E
E_070.jpg,E
E_071.jpg,E
E_072.jpg,E
E_073.jpg,E
E_074.jpg,E
E_075.jpg,E
E_076.jpg,E
E_077.jpg,E
E_078.jpg,E
E_079.jpg,E
E_08.jpg,E
E_080.jpg,E
E_081.jpg,E
E_082.jpg,E
E_083.jpg,E
E_084.jpg,E
E_085.jpg,E
E_086.jpg,E
E_087.jpg,E
E_088.jpg,E
E_089.jpg,E
E_09.jpg,E
E_090.jpg,E
E_091.jpg,E
E_092.jpg,E
E_093.jpg,E
E_094.jpg,E
E_095.jpg,E
E_096.jpg,E
F_010.jpg,F
F_011.jpg,F
F_012.jpg,F
F_013.jpg,F
F_014.jpg,F
F_015.jpg,F
F_016.jpg,F
F_017.jpg,F
F_018.jpg,F
F_02.jpg,F
F_020.jpg,F
F_021.jpg,F
F_022.jpg,F
F_023.jpg,F
F_024.jpg,F
F_025.jpg,F
F_026.jpg,F
F_027.jpg,F
F_028.jpg,F
F_029.jpg,F
F_03.jpg,F
F_030.jpg,F
F_031.jpg,F
F_032.jpg,F
F_033.jpg,F
F_034.jpg,F
F_035.jpg,F
F_036.jpg,F
F_037.jpg,F
F_038.jpg,F
F_039.jpg,F
F_04.jpg,F
F_040.jpg,F
F_041.jpg,F
F_042.jpg,F
F_043.jpg,F
F_044.jpg,F
F_05.jpg,F
F_06.jpg,F
F_07.jpg,F
F_08.jpg,F
F_09.jpg,F
G_010.jpg,G
G_011.jpg,G
G_02.jpg,G
G_03.jpg,G
G_04.jpg,G
G_05.jpg,G
G_06.jpg,G
G_07.jpg,G
G_08.jpg,G
G_09.jpg,G
H_010.jpg,H
H_011.jpg,H
H_012.jpg,H
H_013.jpg,H
H_014.jpg,H
H_015.jpg,H
H_016.jpg,H
H_017.jpg,H
H_018.jpg,H
H_019.jpg,H
H_02.jpg,H
H_020.jpg,H
H_021.jpg,H
H_022.jpg,H
H_023.jpg,H
H_024.jpg,H
H_025.jpg,H
H_026.jpg,H
H_027.jpg,H
H_03.jpg,H
H_04.jpg,H
H_05.jpg,H
H_06.jpg,H
H_07.jpg,H
H_08.jpg,H
H_09.jpg,H
I_02.jpg,I
I_03.jpg,I
I_04.jpg,I
I_05.jpg,I
J_02.jpg,J
J_03.jpg,J
J_04.jpg,J
P_02.jpg,P
P_03.jpg,P
S_010.jpg,S
S_011.jpg,S
S_012.jpg,S
S_013.jpg,S
S_014.jpg,S
S_02.jpg,S
S_03.jpg,S
S_04.jpg,S
S_05.jpg,S
S_06.jpg,S
S_07.jpg,S
S_08.jpg,S
S_09.jpg,S
T_010.jpg,T
T_011.jpg,T
T_012.jpg,T
T_013.jpg,T
T_014.jpg,T
T_015.jpg,T
T_016.jpg,T
T_017.jpg,T
T_018.jpg,T
T_019.jpg,T
T_020.jpg,T
T_021.jpg,T
T_022.jpg,T
T_023.jpg,T
T_024.jpg,T
T_025.jpg,T
T_026.jpg,T
T_027.jpg,T
T_028.jpg,T
T_029.jpg,T
T_03.jpg,T
T_030.jpg,T
T_031.jpg,T
T_032.jpg,T
T_033.jpg,T
T_034.jpg,T
T_035.jpg,T
T_036.jpg,T
T_037.jpg,T
T_038.jpg,T
T_039.jpg,T
T_04.jpg,T
T_040.jpg,T
T_041.jpg,T
T_042.jpg,T
T_043.jpg,T
T_044.jpg,T
T_045.jpg,T
T_046.jpg,T
T_047.jpg,T
T_048.jpg,T
T_049.jpg,T
T_05.jpg,T
T_050.jpg,T
T_051.jpg,T
T_052.jpg,T
T_053.jpg,T
T_054.jpg,T
T_055.jpg,T
T_056.jpg,T
T_057.jpg,T
T_058.jpg,T
T_059.jpg,T
T_06.jpg,T
T_060.jpg,T
T_061.jpg,T
T_062.jpg,T
T_063.jpg,T
T_064.jpg,T
T_07.jpg,T
T_08.jpg,T
T_09.jpg,T
X_03.jpg,X
X_04.jpg,X
X_05.jpg,X
X_06.jpg,X
X_07.jpg,X
X_08.jpg,X
X_09.jpg,X
Z_010.jpg,Z
Z_011.jpg,Z
Z_012.jpg,Z
Z_013.jpg,Z
Z_014.jpg,Z
Z_015.jpg,Z
Z_016.jpg,Z
Z_017.jpg,Z
Z_018.jpg,Z
Z_019.jpg,Z
Z_03.jpg,Z
Z_04.jpg,Z
Z_05.jpg,Z
Z_06.jpg,Z
Z_07.jpg,Z
Z_08.jpg,Z
Z_09.jpg,Z
